UnitTest,TimeTaken(ms),Status
unit_1,241,Success
unit_10,123,Success
unit_11,167,Success
unit_12,160,Success
unit_13,162,Success
unit_14,145,Success
unit_15,156,Success
unit_16,162,Success
unit_17,139,Success
unit_18,146,Success
unit_19,150,Success
unit_2,159,Success
unit_20,133,Success
unit_21,136,Success
unit_22,231,Success
unit_23,144,Success
unit_24,141,Success
unit_25,142,Success
unit_26,154,Success
unit_27,132,Success
unit_28,128,Success
unit_3,136,Success
unit_4,148,Success
unit_5,145,Success
unit_6,134,Success
unit_7,142,Success
unit_8,136,Success
unit_9,156,Success
